<server description="Sample Liberty server">

  <featureManager>
  <feature>springBoot-3.0</feature>
      <feature>pages-3.1</feature>
      <feature>webSocket-2.1</feature>
      <feature>servlet-6.0</feature>
      <feature>transportSecurity-1.0</feature>
      <feature>expressionLanguage-5.0</feature>
      <feature>ssl-1.0</feature>
      <!--<feature>adminCenter-1.0</feature>-->
      <!-- <feature>transportSecurity-1.0</feature> -->
  </featureManager>

  <httpEndpoint httpPort="${default.http.port}" httpsPort="${default.https.port}"
      id="defaultHttpEndpoint" host="*" />

  <!-- <keyStore id="defaultKeyStore" password="passw0rd"/> -->
  <keyStore id="defaultKeyStore" password="passw0rd"/>

  <!-- Automatically expand WAR files and EAR files -->
  <applicationManager autoExpand="true"/>

  <!-- <include location="wlp_baseline.xml"/> -->
  <webApplication context-root="${app.context-root}" name="${app.name}" location="${app.location}">
    <web-bnd>
       <!--  <virtual-host name="BEA_ApplicationHost" /> -->
        <virtual-host id="default_host" />
    </web-bnd>
  </webApplication>
  
  <webContainer disableXPoweredBy="true" />

</server>
