<?xml version="1.0" encoding="UTF-8"?>
<!DOCTYPE xml>
<Configuration status="info" monitorInterval="1800">

	<Properties>
		<property name="springAppName">${env:BEA_POD_APPNAME:-SC-cdc-approval-center-ms}</property>
		<property name="springAppCode">${bundle:application:spring.application.code}</property>
		<property name="errorLogName">${bundle:application:log.error.application.name}</property>
		<Property name="LOG_NAME">${env:BEA_POD_NAME:-SC-cdc-approval-center-ms}</Property>
		<Property name="LOG_HOME">${env:BEA_POD_LOGPATH:-/var/log/applicationLogs}</Property>
		<Property name="MONITOR_LOG_HOME">${env:BEA_POD_MONITOR_LOGPATH:-/var/log/monitorLogs}</Property>
		<Property name="BACKUP_FILE_NAME">backup</Property>
		<Property name="alog_level">${env:BEA_POD_ALERT_LV:-info}</Property>
		<Property name="trace_level">${env:BEA_POD_TRACE_LV:-debug}</Property>
		<Property name="monitor_level">error</Property>
		<Property name="SYSOUT_LOG">${env:BEA_SYSOUT_LOGGING:-SYSOUT_ON}</Property>
		<property name="pattern">%d{yyyy-MM-dd HH:mm:ss.SSS} [${springAppName:-},%X{X-RequestId}] %-5p (%-16.16t) [%c{1}] %m%n</property>
		<Property name="PLOG_FILE_NAME">cdcapprovalcenter_PLOG</Property>
	</Properties>
	<Appenders>

		<!-- ================================================= -->
		<!-- console -->
		<!-- standard / error output -->
		<!-- ================================================= -->
		<Console name="SYSOUT_ON" target="SYSTEM_OUT">
			<PatternLayout charset="UTF-8" pattern="%d{yyyy-MM-dd HH:mm:ss.SSS} [${springAppName:-},%X{X-RequestId}] %-5p (%-16.16t) [%c{1}] %m%n" />
			<JsonLayout complete="false" compact="true" eventEol="true"  stacktraceAsString="true" >
				<KeyValuePair key="app.log_source" value="SYSTEM_OUT"/>
				<KeyValuePair key="app.spring_app_name" value="${springAppName:-}"/>
				<KeyValuePair key="app.x_request_id" value="$${ctx:X-RequestId}"/>
				<KeyValuePair key="app.log_time" value="$${date:yyyy-MM-dd'T'HH:mm:ss.SSSZ}"/>
				<!-- Kubernetes related START -->
				<KeyValuePair key="kubernetes.namespace" value="$${env:BEA_POD_NAMESPACE}"/>
				<KeyValuePair key="kubernetes.node_name" value="$${env:BEA_NODE_NAME}"/>
				<KeyValuePair key="kubernetes.pod" value="$${env:BEA_POD_NAME}"/>
				<!-- Kubernetes related END -->
			</JsonLayout>
	    </Console>

		<Console name="SYSOUT_OFF" >
            <PatternLayout pattern="%throwable{0}"/>
        </Console>

		<!-- ================================================= -->
		<!-- webapp -->
		<!-- application log monitoring -->
		<!-- ================================================= -->

		<RollingRandomAccessFile name="JsonFile"
			fileName="${LOG_HOME}/${LOG_NAME}.log" append="true"
			filePattern="${LOG_HOME}/${BACKUP_FILE_NAME}/${LOG_NAME}/%d{yyyy-MM}/${LOG_NAME}.log-%d{yyyy-MM-dd-HH}-%i.log.gz">
			<!--<JsonLayout/>-->
			<JsonLayout complete="false" compact="true" eventEol="true"  stacktraceAsString="true" >
				<KeyValuePair key="app.log_source" value="SYSTEM_OUT"/>
				<KeyValuePair key="app.spring_app_name" value="${springAppName:-}"/>
				<KeyValuePair key="app.x_request_id" value="$${ctx:X-RequestId}"/>
				<!-- Kubernetes related START -->
				<KeyValuePair key="kubernetes.namespace" value="$${env:BEA_POD_NAMESPACE}"/>
				<KeyValuePair key="kubernetes.node_name" value="$${env:BEA_NODE_NAME}"/>
				<KeyValuePair key="kubernetes.pod" value="$${env:BEA_POD_NAME}"/>
				<!-- Kubernetes related END -->
			</JsonLayout>
			<Policies>
				<CronTriggeringPolicy schedule="0 30 2 * * ?" />
				<SizeBasedTriggeringPolicy size="1024 MB" />
			</Policies>
			<DefaultRolloverStrategy max="180">
			<Delete basePath="${LOG_HOME}/${BACKUP_FILE_NAME}/${LOG_NAME}" maxDepth="2">
				<IfLastModified age="30D" />
			</Delete>
			</DefaultRolloverStrategy>
		</RollingRandomAccessFile>
		
		<RollingRandomAccessFile name="monitorLog"
			fileName="${MONITOR_LOG_HOME}/${LOG_NAME}.log" append="true"
			filePattern="${MONITOR_LOG_HOME}/${BACKUP_FILE_NAME}/${LOG_NAME}/%d{yyyy-MM}/${LOG_NAME}.log-%d{yyyy-MM-dd-HH}-%i.log.gz">
			<!--<JsonLayout/>-->
			<PatternLayout charset="UTF-8" pattern="%d{yyyyMMdd HH:mm:ss} %-5p | ${springAppCode:-} | ${errorLogName:-}, %X{X-RequestId} | %m [%c] (%-16.16t) %throwable{0} %n" />
			<Policies>
				<CronTriggeringPolicy schedule="0 30 2 * * ?" />
				<SizeBasedTriggeringPolicy size="1024 MB" />
			</Policies>
			<DefaultRolloverStrategy max="180">
	            <Delete basePath="${MONITOR_LOG_HOME}/${BACKUP_FILE_NAME}/${LOG_NAME}" maxDepth="2">
 	            	<IfLastModified age="30D" /> 
	            </Delete> 
            </DefaultRolloverStrategy>
		</RollingRandomAccessFile>
		
	</Appenders>

	<Loggers>
		<!-- ================================================= -->
		<!-- ROOT LOGGER -->
		<!-- default inclusive for all -->
		<!--SYSOUT_LOG default=SYSOUT_OFF,
		To print out log in console, set environment variable SYSOUT_LOG=SYSOUT_ON-->
		<!-- ================================================= -->
		<Root>
			<AppenderRef ref="${SYSOUT_LOG}" level="${alog_level}" />
			<AppenderRef ref="JsonFile" level="${alog_level}" />
			<AppenderRef ref="monitorLog" level="${monitor_level}" />
		</Root>		
	</Loggers>

</Configuration>