<?xml version="1.0" encoding="UTF-8"?>
<msgFrame msgName="EBKHeader">
	<request>
		<node name="header" dataType="String">
			<node name="hostTerminalNumber" length="4" />										<!--  1.   4, Host Terminal Number -->
			<node name="hostSessionId" length="11" ref="hostSessionId" />						<!--  2.  15, Host Session id -->
			<node name="channelInd" length="1" ref="channel.hostCode" />						<!--  3.  16, Channel Source Indicator -->
			<node name="dummy" length="3" />													<!--  4.  19, dummy -->
			<node name="msgId" length="5" ref="msgName" />										<!--  5.  24, Message ID -->
			<node name="txOptCode" length="2" ref="txOptCode" />								<!--  6.  26, Tx. Option code -->
			<node name="externalBankCode" length="3" ref="sysuser.externalBankCode" />			<!--  7.  29, External Bank code -->
			<node name="internalBankCode" length="2" ref="sysuser.internalBankCode" />			<!--  8.  31, Internal Bank code -->
			<node name="mediaCode" length="3" ref="mediaCode" />								<!--  9.  34, Media Code -->
			<node name="pbkCustomerID" length="16" ref="sysuser.userAccountNo" />				<!-- 10.  50, CIB Customer ID -->
			<node name="pbkInternalAC" length="18" ref="sysuser.pbkInternalAcc" />				<!-- 11.  68, CIB internal a/c -->
			<node name="timeOutFlag" length="1" ref="timeOutFlag" />							<!-- 12.  69, Time-out flag -->
			<node name="txnPostDate" length="8" />												<!-- 13.  77, Transaction Posting Date -->
			<node name="txnMatchKey" length="8"/>												<!-- 14.  85, Transaction Match Key Area -->
			<node name="txSubOptionCode" length="2" ref="txSubOpt" />							<!-- 15.  87, Tx Sub option code -->
			<node name="companyCode" length="4" ref="companyCode" />							<!-- 16.  91, Company code -->
			<node name="corpAccessLvl" length="1" />											<!-- 17.  92, Corporate a/c access level -->
			<node name="pubKeyInd" length="3" />												<!-- 18.  95, Public Key Indicator -->
			<node name="inputUserID" length="8" />												<!-- 19. 103, Input User ID -->
			<node name="inputDate" length="8" />												<!-- 20. 111, Input Date -->
			<node name="inputTime" length="6" />												<!-- 21. 117, Input Time -->
			<node name="approvalUserID" length="8" />											<!-- 22. 125, Approval User ID -->
			<node name="approveDate" length="8" />												<!-- 23. 133, Approval date -->
			<node name="approveTime" length="6" />												<!-- 24. 139, Approval time -->
			<node name="branchCdoe" length="7" />												<!-- 25. 146, Internal bank / branch / Department code -->
<!-- 			<node name="txnNo" length="35" /> -->					
			
			<node name="bmTxnModeInd" length="1" />												<!-- 26.1a. 147, BM only: Transaction mode Ind -->
			<node name="dummy26_1b" length="6" />												<!-- 26.1b. 153, BM only: Dummy -->
			<node name="bmTxnCenterCode" length="7" />											<!-- 26.1c. 160, BM only: Transaction CCBBBDD -->
			<node name="bmTxnMessageId" length="5" />											<!-- 26.1d. 165, BM only: Transaction message ID -->
			<node name="bmTxnType" length="3" />												<!-- 26.1e. 168, BM only: Transaction type -->
			<node name="bmTxnSeq" length="6" />													<!-- 26.1f. 174, BM only: Transaction sequence number -->
			<node name="bmTxnSubSeq" length="2" />												<!-- 26.1g. 176, BM only: Transaction subsequence number -->
			<node name="dummy26_1h" length="5" />												<!-- 26.1h. 181, BM only: Dummy -->

			<node name="cmTxnModeInd" length="1" ref="262a-cmTxnModeInd"/>						<!-- 26.2a. 182, CM only: Transaction mode Inc -->
			<node name="cibAcNo" length="18" ref="262b-cibAcNo" />								<!-- 26.2b. 200, CM only: CIB a/c no -->
			<node name="cmTxnMessageId" length="5" ref="262c-cmTxnMessageId" />					<!-- 26.2c. 205, CM only: Transaction message ID -->
			<node name="cmTxnType" length="3" />												<!-- 26.2d. 208, CM only: Transaction Type -->
			<node name="cmTxnSeq" length="6" />													<!-- 26.2e. 214, CM only: Transaction sequence number -->
			<node name="cmTxnSubSeq" length="2" />												<!-- 26.2f. 216, CM only: Transaction subsequence number -->
			
			<node name="dialBackupInd" length="1" />											<!-- 27. 217, Dial-up Backup Indicator -->
			<node name="supsIpInd" length="1" />												<!-- 28. 218, Suspicious IP indicator -->
			<node name="cibAcProductNo" length="4" />											<!-- 29. 222, CIB a/c product code -->
			<node name="riskInd" length="1" />													<!-- 30. 223, Risk Indicator -->
			<node name="specialRateFlat" length="1" />											<!-- 31. 224, Special Rate flag -->
			<node name="lmTxnType" length="2" />												<!-- 32. 226, Transaction type -->
			<node name="dummy" length="74" />													<!-- 33. 300, dummy -->
<!-- 			<node name="dummy" length="109" /> -->

		</node>
	</request>
	<response>
		<node name="header" dataType="String">
			<node name="msgId" length="5" />													<!--   1.   5, message ID -->
			<node name="respCode" length="3" />													<!--   2.   8,  response Code -->
			<node name="dispCode" length="8"/>													<!--   3.  16,  display code -->
			<node name="txnDate" length="8"/>													<!--   4.  24,  transaction date -->
			<node name="txnTime" length="6"/>													<!--   5.  30,  transaction time -->
			<node name="txnRef" length="6"/>													<!--   6.  36,  transaction reference number -->
			<node name="txnPostDate" length="8"/>												<!--   7.  44,  transaction post date -->
			<node name="pbkIntAc" length="18"/>													<!--   8.  62,  cib internal a/c # -->
<!-- 			<node name="productCode" length="4"/> -->
			<node name="dispFlag" length="1"/>													<!--   9.  63,  display flag -->
			<node name="dispMsg" length="40"/>													<!--  10. 103,  display message -->
			<node name="txnMatchKey">															<!--  11. 111,  transaction match key area -->
				<node name="CTL" length="1" />
				<node name="ILS" length="1" />
				<node name="TFR" length="1" />
				<node name="ATM" length="1" />
				<node name="INS" length="1" />
				<node name="SCS" length="1" />
				<node name="LDS" length="1" />
				<node name="BPS" length="1" />
			</node>
			<node name="pbkAcInd" length="1"/>													<!--  14. 112,  PBK process mode indicator -->

			<node name="bmTxnModeInd" length="1" />												<!-- 15.1a. 113, BM only: Transaction mode Ind -->
			<node name="dummy15_1b" length="6" />												<!-- 15.1b. 119, BM only: Dummy -->
			<node name="bmTxnCenterCode" length="7" />											<!-- 15.1c. 126, BM only: Transaction CCBBBDD -->
			<node name="bmTxnMessageId" length="5" />											<!-- 15.1d. 131, BM only: Transaction message ID -->
			<node name="bmTxnType" length="3" />												<!-- 15.1e. 134, BM only: Transaction type -->
			<node name="bmTxnSeq" length="6" />													<!-- 15.1f. 140, BM only: Transaction sequence number -->
			<node name="bmTxnSubSeq" length="2" />												<!-- 15.1g. 142, BM only: Transaction subsequence number -->
			<node name="dummy15_1h" length="5" />												<!-- 15.1h. 147, BM only: Dummy -->

			<node name="cmTxnModeInd" length="1" ref="262a-cmTxnModeInd"/>						<!-- 15.2a. 148, CM only: Transaction mode Inc -->
			<node name="cibAcNo" length="18" ref="152b-cibAcNo" />								<!-- 15.2b. 166, CM only: CIB a/c no -->
			<node name="cmTxnMessageId" length="5" ref="152c-cmTxnMessageId" />					<!-- 15.2c. 171, CM only: Transaction message ID -->
			<node name="cmTxnType" length="3" />												<!-- 15.2d. 174, CM only: Transaction Type -->
			<node name="cmTxnSeq" length="6" />													<!-- 15.2e. 180, CM only: Transaction sequence number -->
			<node name="cmTxnSubSeq" length="2" />												<!-- 15.2f. 182, CM only: Transaction subsequence number -->
			
			<node name="heldByBMcode" length="8"/>												<!--  16. 190,  held by bank BM mode -->
			<node name="heldByBankTxnKey" length="13"/>											<!--  17. 203,  held by bank transaction key -->
			<node name="terroristFlags" length="15"/>											<!--  18. 218,  terrorist flags -->
			<node name="cibACProductCode" length="4"/>											<!--  19. 222,  CIB a/c product code -->
			<node name="exceedLimitAlertFlag" length="1"/>										<!--  20. 223,  exceed limit alert flag -->
			<node name="specialRateFlag" length="1"/>											<!--  21. 224,  special rate flag -->
			<node name="txnType" length="2"/>													<!--  22. 226,  txn type -->
			<node name="mediaCode" length="3"/>													<!--  23. 229,  media code -->
			<node name="dummy" length="71" />													<!--  24. 300,  dummy -->

		</node>
	</response>
</msgFrame>