<?xml version="1.0" encoding="UTF-8"?>
<msgFrame msgName="INQC1" txOptCode="11">
	<request>
		<node insertFrame="EBKHeader" />
		<node name="request" dataType="String">
			<!-- INQC1 input fields (length=7680) -->
			<node name="acListCounter" length="2"/>
			
			<node name="acList" length="0" size="18">
				<node name="companyCode" length="4"/>		<!--  3.1 a/c company code -->
				<node name="sequence" length="2"/>
				<node name="productCode" length="4"/>
				<node name="ccy" length="3"/>
				<node name="status" length="2"/>
				<node name="relatedAcNum" length="18"/>
				<node name="formattedAcNum" length="20"/>
			</node>
			
<!-- 			<node name="reserved" length="6724"/> -->
			
		</node>
	</request>
	<response>
		<node insertFrame="EBKHeader" />
		<node name="response" dataType="String">
			<node name="acListCounter" length="2"/>						<!--  2 -->

			<node name="acList" length="0" size="18">
				<node name="companyCode" length="4"/>					<!--  3.1 -->
				<node name="accountSequence" length="2"/>				<!--  3.2 -->
				<node name="productCode" length="4"/>					<!--  3.3 -->
				<node name="currency" length="3"/>						<!--  3.4 -->
				<node name="accountStatus" length="2"/>					<!--  3.5 -->
				<node name="relatedAcNum" length="18"/>					<!--  3.6 -->
				<node name="formattedAccountNumber" length="20"/>		<!--  3.7 -->
				<node name="corporateFlag" length="1"/>					<!--  3.8 -->
				<node name="imageDate" length="8"/>						<!--  3.9 -->
				<node name="imageTime" length="6"/>						<!--  3.10 -->
				<node name="acReturnCode" length="1"/>					<!--  3.11 -->
				<node name="ccyBullion" length="3"/>					<!--  3.12 -->
				<node name="currentBalance" length="15"/>				<!--  3.13 -->
				<node name="signBalance" length="1"/>					<!--  3.14 -->
				<node name="availableBalance" length="15"/>				<!--  3.15 -->
				<node name="minPaymentDue" length="15"/>				<!--  3.16 -->
				<node name="statementBalance" length="15"/>					<!--  3.17 -->
				<node name="dueDate" length="8"/>						<!--  3.18 -->
				<node name="odLimit" length="15"/>						<!--  3.19 -->
				<node name="odSign" length="1"/>						<!--  3.20 -->
			</node>

			<node name="reserved" length="4852"/>						<!--  4 -->
		</node>
	</response>
</msgFrame>