<?xml version="1.0" encoding="UTF-8"?>
<msgFrame msgName="ITD01" txOptCode="81">
	<request>
		<node insertFrame="EBKHeader" />
		<node name="request" dataType="String">
			<node name="companyCode" length="4" />
			<node name="sequence" length="2" />
			<node name="productCode" length="4" />
			<node name="ccy" length="3" />
			<node name="status" length="2" />
			<node name="acNum" length="18" />
			<node name="formattedAcNum" length="20" />
			<node name="deposit" length="5" />
		</node>
	</request>
	<response>
		<node insertFrame="EBKHeader" />
		<node name="response" dataType="String">
			<node name="companyCode" length="4" />
			<node name="accountSequence" length="2" />
			<node name="productCode" length="4" />
			<node name="currency" length="3" />
			<node name="accountStatus" length="2" />
			<node name="acNum" length="18" />
			<node name="formattedAcNum" length="20" />
			<node name="deposit" length="5" />
			<node name="depositType" length="4" />
			<node name="depositCurCode" length="3" />
			<node name="depositTerm" length="4" />
			<node name="depositStatus" length="1" />
			<node name="principal" length="15" />
			<node name="principalInHKDEqv" length="15" />
			<node name="principalAndInterest" length="15" />
			<node name="principalAndInterestInHKDEqv" length="15" />
			<node name="regularInterest" length="15" />
			<node name="regularInterestInHKDEqv" length="15" />
			<node name="additionalInterest" length="15" />
			<node name="additionalInterestInHKDEqv" length="15" />
			<node name="dueDate" length="8" />
			<node name="effectiveDate" length="8" />
			<node name="renewalCode" length="2" />
			<node name="renewalDepTerm" length="4" />
			<node name="renewalType" length="1" />
			<node name="interestRate" length="9" />
			<node name="netYieldHKDInterestRate" length="9" />
			<node name="creditAccountCompanyCode" length="4" />
			<node name="creditAccountSequence" length="2" />
			<node name="creditAccountProduct Code" length="4" />
			<node name="creditAccountCurrencyCode" length="3" />
			<node name="creditAccountStatus" length="2" />
			<node name="creditAccount" length="18" />
			<node name="formattedCreditAccount" length="20" />
			<node name="imageDate" length="8" />
			<node name="imageTime" length="6" />
			<node name="planNumber" length="2" />
			<node name="totalNumberOfPhase" length="1" />
			<node name="currentPhase" length="1" />
			<node name="indicateWhetherUpliftAllowedAtEndDateOfEachPhase" length="1" />

			<node name="flexiRateTable" length="0" size="6">
				<node name="numberOfDayOrMonth" length="3" />
				<node name="indicate whetherDayOrMonth" length="1" />
				<node name="startDateOfCurrentPhase" length="10" />
				<node name="endDateOfCurrentPhase" length="10" />
				<node name="noOfDaysOfCurrentPhase" length="5" />
				<node name="regularIntOfCurrentPhase" length="15" />
				<node name="totalOfRegularIntFromPhase1UpToCurrentPhase" length="15" />
				<node name="intDeduction amountOfCurrentPhase " length="15" />
				<node name="paidInt.OfCurrentPhase" length="15" />
				<node name="intRateOfCurrentPhase" length="9" />
				<node name="flagToIndicateHowToDetermineIntRateOfCurrentPhase" length="1" />
				<node name="fixedrateOfCurrentPhase" length="9" />
				<node name="tenorBaseOfCurrentPhase" length="4" />
				<node name="rateLoadingOfCurrentPhase" length="9" />
				<node name="indicateWhetherRateLoadingOfCurrentPhaseIsPositiveOfNegative" length="1" />
			</node>

			<node name="totalNoOfDays" length="5" />
			<node name="timeDepositFlag" length="1" />
			<node name="timeCouponCode" length="20" />
		</node>
	</response>
</msgFrame>