<?xml version="1.0" encoding="UTF-8"?>
<msgFrame msgName="ITS01" txOptCode="81">
	<request>
		<node insertFrame="EBKHeader" />
		<node name="request" dataType="String">
			<node name="companyCode" length="4" />
			<node name="sequence" length="2" />
			<node name="productCode" length="4" />
			<node name="ccy" length="3" />
			<node name="status" length="2" />
			<node name="acNum" length="18" />
			<node name="formattedAcNum" length="20" />
			<node name="deposit" length="5" />
			<node name="dueDateReposition" length="10" />
			<node name="depositNumberReposition" length="5" />
		</node>
	</request>
	<response>
		<node insertFrame="EBKHeader" />
		<node name="response" dataType="String">
			<node name="companyCode" length="4" />
			<node name="accountSequence" length="2" />
			<node name="productCode" length="4" />
			<node name="currency" length="3" />
			<node name="accountStatus" length="2" />
			<node name="acNum" length="18" />
			<node name="formattedAcNum" length="20" />
			<node name="deposit" length="5" />
			<node name="moreDataIndicator" length="1" />
			<node name="dueDateReposition" length="10" />
			<node name="depositNumberReposition" length="5" />
			<node name="imageDate" length="8" />
			<node name="imageTime" length="6" />
			<node name="counterOfTDShortlist" length="2" />
			
			<node name="listOfTimeDepInfo" length="0" size="40">
				<node name="deposit" length="5" />
				<node name="depositType" length="4" />
				<node name="depositCurCode" length="3" />
				<node name="depositTerm" length="4" />
				<node name="depositStatus" length="1" />
				<node name="principal" length="15" />
				<node name="principalInHKDDqv" length="15" />
				<node name="dueDate" length="8" />
				<node name="renewalCode" length="2" />
			</node>

			<node name="listOfTimeDepInfo2" length="0" size="40">
				<node name="timeDepositFlag" length="1" />
			</node>
		</node>
	</response>
</msgFrame>
