<?xml version="1.0" encoding="UTF-8"?>
<msgFrame msgName="TTD01" txOptCode="61">
	<request>
		<node insertFrame="EBKHeader" />
		<node name="request" dataType="String">
			<!-- TTD01 input fields (length=76) -->
			<node name="companyCode" length="4"/>		
			<node name="sequence" length="2"/>
			<node name="productCode" length="4"/>
			<node name="ccy" length="3"/>
			<node name="status" length="2"/>
			<node name="relatedAcNum" length="18"/>
			<node name="formattedAcNum" length="20"/>
			<node name="inquiryFromDate" length="8"/>
			<node name="inquiryFromTime" length="6"/>
			<node name="alnovaTransactionReferenceNumber" length="9"/>
				
		</node>
	</request>
	<response>
		<node insertFrame="EBKHeader" />
		<node name="response" dataType="String">
			<node name="inquiryFromDate" length="8"/>
			<node name="inquiryFromTime" length="6"/>
			<node name="moreDataIndicator" length="1"/>
			<node name="processModeIndicator" length="1"/>
			<node name="onlineModeDate" length="8"/>
			<node name="imageDate" length="8"/>
			<node name="imageTime" length="6"/>
			
			<node name="counterOfAccountTransactionInfo" length="2"/>
			<node name="transactionInfoList" length="0" size="10">
				<node name="transactionDate" length="8"/>
				<node name="transactionTime" length="6"/>
				<node name="transactionCurrency" length="3"/>
				<node name="principalAmount" length="15"/>
				<node name="principalHKD" length="15"/>
				<node name="transactionQuantityCr" length="1"/>
				<node name="transactionDescription" length="20"/>
				<node name="depositNumber" length="5"/>
				<node name="depositTypeCode" length="4"/>
				<node name="depositTerm" length="4"/>
				<node name="operationKey" length="3"/>
				<node name="transactionReference1" length="30"/>
				<node name="transactionReference2" length="12"/>
				<node name="transactionReference3" length="40"/>
				<node name="transactionReferenceNumber" length="9"/>
				<node name="alnovaTransactionReferenceNumber" length="9"/>
				
				<node name="branchNumber" length="5"/>
			</node>
		</node>
	</response>
</msgFrame>