<?xml version="1.0" encoding="UTF-8"?>
<beans xmlns="http://www.springframework.org/schema/beans"
    xmlns:xsi="http://www.w3.org/2001/XMLSchema-instance"
    xmlns:context="http://www.springframework.org/schema/context"
    xmlns:tx="http://www.springframework.org/schema/tx"
    xmlns:aop="http://www.springframework.org/schema/aop"
    xsi:schemaLocation="http://www.springframework.org/schema/beans
http://www.springframework.org/schema/beans/spring-beans-4.2.xsd
http://www.springframework.org/schema/context
http://www.springframework.org/schema/context/spring-context-4.2.xsd
http://www.springframework.org/schema/tx http://www.springframework.org/schema/tx/spring-tx-4.2.xsd
http://www.springframework.org/schema/aop http://www.springframework.org/schema/aop/spring-aop-4.2.xsd">

	<!-- default mq cluster -->

<!--
 	<bean class="com.hkbea.adaptor.xia.mq.XiaMqCluster" init-method="init">

		<property name="name" value="default" />

		<property name="strategy" ref="XiaMqFairSelectionStrategy" />

		<property name="healthCheck" ref="xiaDefaultHealthChecker" />

	</bean>

	<bean class="com.hkbea.adaptor.xia.mq.XiaMqCluster" init-method="init">

		<property name="name" value="cmhbg3" />

		<property name="strategy" ref="XiaMqFairSelectionStrategy" />

		<property name="healthCheck" ref="xiaDefaultHealthChecker" />

	</bean>


 
	<bean class="com.hkbea.adaptor.xia.mq.XiaMqCluster" init-method="init">
		<property name="name" value="ebk" />
		<property name="strategy" ref="XiaMqFairSelectionStrategy" />
		<property name="healthCheck" ref="xiaDefaultHealthChecker" />
	</bean>
-->
	<!-- <import resource="classpath:config/PlaceholderConfigurer.xml"/> -->
	
	
</beans>
