<?xml version="1.0" encoding="UTF-8"?>
<beans xmlns="http://www.springframework.org/schema/beans"
    xmlns:xsi="http://www.w3.org/2001/XMLSchema-instance"
    xmlns:context="http://www.springframework.org/schema/context"
    xmlns:tx="http://www.springframework.org/schema/tx"
    xmlns:aop="http://www.springframework.org/schema/aop"
    xsi:schemaLocation="http://www.springframework.org/schema/beans
http://www.springframework.org/schema/beans/spring-beans-4.2.xsd
http://www.springframework.org/schema/context
http://www.springframework.org/schema/context/spring-context-4.2.xsd
http://www.springframework.org/schema/tx http://www.springframework.org/schema/tx/spring-tx-4.2.xsd
http://www.springframework.org/schema/aop http://www.springframework.org/schema/aop/spring-aop-4.2.xsd
http://www.springframework.org/schema/jee http://www.springframework.org/schema/jee/spring-jee-4.2.xsd">

	<!-- Session Factory . Deprecated! --> 
	<bean id="sessionFactory" class="org.springframework.orm.hibernate5.LocalSessionFactoryBean">
	
		<property name="dataSource">
			<ref bean="dataSource" />
		</property>
		<property name="hibernateProperties">
			<props>
				<!-- <prop key="hibernate.dialect">org.hibernate.dialect.Oracle10gDialect</prop> -->
				<prop key="hibernate.show_sql">true</prop>
				<prop key="hibernate.format_sql">false</prop>
				<prop key="hibernate.use_sql_comments">true</prop>
				<prop key="hibernate.connection.autocommit">false</prop>
			</props>
		</property>
		<property name="packagesToScan">
			<list>
				<value>com.hkbea.microservice.cdc</value>
			</list>
		</property>
	</bean>	
	
	<bean id="entityManagerFactory" class="org.springframework.orm.jpa.LocalContainerEntityManagerFactoryBean" primary="true">
	
		<property name="dataSource">
			<ref bean="dataSource" />
		</property>
		<property name="jpaProperties">
			<props>
				<!-- <prop key="hibernate.dialect">org.hibernate.dialect.H2Dialect</prop> -->
				<prop key="hibernate.show_sql">true</prop>
				<prop key="hibernate.format_sql">false</prop>
				<prop key="hibernate.use_sql_comments">true</prop>
				<prop key="hibernate.connection.autocommit">false</prop>
			</props>
		</property>
		<property name="packagesToScan">
			<list>
				<value>com.hkbea.model.cdc</value>
			</list>
		</property>
		<property name="persistenceUnitName" value="defaultJPAUnit"/>
		<property name="jpaVendorAdapter">
			<bean class="org.springframework.orm.jpa.vendor.HibernateJpaVendorAdapter" />
		</property>
	</bean>
	<bean id="hibernateTemplate" class="org.springframework.orm.hibernate5.HibernateTemplate">
		<constructor-arg ref="sessionFactory"/>
	</bean>
</beans>