<?xml version="1.0" encoding="UTF-8"?>
<beans xmlns="http://www.springframework.org/schema/beans"
    xmlns:xsi="http://www.w3.org/2001/XMLSchema-instance"
    xmlns:context="http://www.springframework.org/schema/context"
    xmlns:tx="http://www.springframework.org/schema/tx"
    xmlns:aop="http://www.springframework.org/schema/aop"
    xmlns:jee="http://www.springframework.org/schema/jee"
    xsi:schemaLocation="http://www.springframework.org/schema/beans
http://www.springframework.org/schema/beans/spring-beans-4.2.xsd
http://www.springframework.org/schema/context
http://www.springframework.org/schema/context/spring-context-4.2.xsd
http://www.springframework.org/schema/tx http://www.springframework.org/schema/tx/spring-tx-4.2.xsd
http://www.springframework.org/schema/aop http://www.springframework.org/schema/aop/spring-aop-4.2.xsd
http://www.springframework.org/schema/jee http://www.springframework.org/schema/jee/spring-jee-4.2.xsd">

	<!-- =================================================================== -->
	<!-- Placeholder ${xxx.xxx=} -->
	<!-- 
		 Application may modify or define placeholder key-value here.
		 Defined key value pairs may be applied in Spring's configuration file.
		 To externalize the parameters: 
		 1. Change classpath: to file:
		 2. Follow by absolute / relative file system paths 
	 -->
	<!-- =================================================================== -->
	<bean class="org.springframework.beans.factory.config.PropertyPlaceholderConfigurer">
		<property name="ignoreResourceNotFound" value="false" />			<!-- true if one or more resource properties are optional -->
		<property name="ignoreUnresolvablePlaceholders" value="false" />		<!-- true if one or more placeholder values are optional -->
		<property name="locations">
			<list>
				<value>classpath:config/system.properties</value>
				<value>classpath:application.properties</value>		
			</list>
		</property>
	</bean>

</beans>